rank,symbol,volume,ltp,change_pct,sector
1,MONEYVIEW,424471169,60.46,19.72277227722772,UNCLASSIFIED
2,IDEA,377013597,13.18,-0.2271006813020504,TELECOM
3,PCJEWELLER,208486730,13.14,1.6241299303944468,CONSUMER
4,MOBIKWIK,74766600,256.08,5.757000082596853,UNCLASSIFIED
5,YESBANK,73908969,20.79,-0.3355704697986628,BANK
6,SUZLON,73531474,38.34,-2.093973442288033,CAPITAL_GOODS
7,ACEVECTOR,66714951,31.11,19.976860779020434,UNCLASSIFIED
8,ALOKINDS,63108260,8.29,5.874840357598976,UNCLASSIFIED
9,OLAELEC,61427676,36.32,1.0011123470522687,AUTO
10,BLUECLOUDS,58789235,20.35,1.69915042478761,UNCLASSIFIED
11,ITC,50025295,265.7,-0.37495313085864623,FMCG
12,JPPOWER,44222342,14.86,-0.9333333333333416,POWER
13,GROWW,42404060,197.75,2.360370619597285,FINANCE
14,CUPID,41373811,343.95,6.091918568784704,FMCG
15,PINELABS,40833328,177.67,2.8599548428182686,FINANCE
16,SYNCOMF,40584346,24.94,7.407407407407418,UNCLASSIFIED
17,HEROMOTORS,39347591,170.84,1.9818529130849916,UNCLASSIFIED
18,KOTAKBANK,37972097,440.0,1.8754341282704479,BANK
19,VISL,35144526,29.44,-4.260162601626016,METALS
20,PWL,34917953,139.57,5.84711057181857,SERVICES
21,HDFCBANK,29944008,702.75,-1.2228547332911677,BANK
22,FCL,29767531,57.8,-2.3648648648648796,UNCLASSIFIED
23,EMPOWER,27855807,1.76,4.761904761904767,UNCLASSIFIED
24,EASEMYTRIP,27006843,5.86,1.0344827586207028,UNCLASSIFIED
25,JISLJALEQS,26460467,27.95,4.878048780487809,UNCLASSIFIED
26,ETERNAL,23804457,328.0,-0.3039513677811523,SERVICES
27,MRPL,23675207,182.86,4.658882783882801,ENERGY
28,GTLINFRA,23200615,1.07,-1.834862385321101,UNCLASSIFIED
29,IBULLSLTD,22176156,32.49,4.975767366720518,UNCLASSIFIED
30,STEAMHOUSE,22137870,125.17,5.700050667117051,UNCLASSIFIED
31,UTKARSHBNK,21411872,13.98,3.4023668639053373,UNCLASSIFIED
32,DEEPA,21380382,227.06,6.082975144832736,UNCLASSIFIED
33,IFCI,21013703,64.03,-2.2591970691497543,FINANCE
34,MAHABANK,20883267,84.15,4.146039603960405,FINANCE
35,IDFCFIRSTB,20250870,79.54,-2.476704266797447,BANK
36,CHENNPETRO,20027812,1612.3,14.697303834388563,ENERGY
37,RPOWER,20012310,20.32,-0.8296730112249739,POWER
38,MOREPENLAB,19889954,146.97,2.0908585718254935,UNCLASSIFIED
39,TFCILTD,19824302,152.24,8.24031283327409,UNCLASSIFIED
40,MARSONS,19136401,132.45,11.078497148607847,UNCLASSIFIED
41,BAJAJHIND,19089108,21.05,-1.312705110173451,UNCLASSIFIED
42,TATASTEEL,18846203,175.64,-1.706866640550686,METALS
43,ADANIPOWER,18844725,196.94,-2.697628458498025,POWER
44,KALYANKJIL,18559247,569.0,3.803703365867017,CONSUMER
45,KANOHAR,18502805,1091.05,15.761273209549076,UNCLASSIFIED
46,RENTOMOJO,18424264,618.95,13.527146001467361,UNCLASSIFIED
47,PNB,18275898,114.59,2.3856325947105184,BANK
48,DHANBANK,18177967,32.83,13.874436351023235,UNCLASSIFIED
49,MANIKA,18085851,58.64,13.819875776397517,UNCLASSIFIED
50,CANBK,17756429,119.15,1.128840604311665,BANK
